"NBa7we src","d4r55","RfnDt","eaLgGf","hCCjke","rsqaWe","wiI7pd","w8nwRe","dSlJg","Hzvxle","pkWtMe","dSlJg 2","znYl0","znYl0 2"
"https://lh3.googleusercontent.com/a-/ALV-UjXEQwlTODuzAxX_G3_0wLFXUc_kZRNHs17Ey5S9xM_r2-k=w54-h54-p-rp-mo-ba5-br100","Mayur Giri","Local Guide ¬∑ 68 reviews ¬∑ 472 photos","Óóî","Ó†∏","a year ago","It is a decent college, and the faculty members are good. Our college is easily accessible. ‚Ä¶","More","Ó£ú","Like","5","Ó†ç","Share",""
"https://lh3.googleusercontent.com/a/ACg8ocIEoD3rSgKPiwlz_LcMgfffEtDuBd1vNttFLrFqLyLq=w54-h54-p-rp-mo-br100","Rahul Chavhan","13 reviews ¬∑ 1 photo","Óóî","Ó†∏","a month ago","Terna Engineering College in Nerul is a hidden treasure. The college's infrastructure, coupled with the convenience of Nerul station nearby, makes it a perfect choice for students seeking a seamless educational experience. ‚Ä¶","More","Ó£ú","","","Ó†ç","Like","Share"
"https://lh3.googleusercontent.com/a-/ALV-UjVPicdAW0vgL0BKdnufZv-c76l8IlbKIrFqy5AzDtETsgHQ=w54-h54-p-rp-mo-ba6-br100","Sachidanand Vishwakarma","Local Guide ¬∑ 458 reviews ¬∑ 5,480 photos","Óóî","Ó†∏","a month ago","Those students who comes from the financial week can also complete their higher education here as the fees of these college is afforadable and also bank loans are available. Great place, Beautiful infrastructure, Clean and neat surrounding ‚Ä¶","More","Ó£ú","","","Ó†ç","Like","Share"
"https://lh3.googleusercontent.com/a-/ALV-UjWMwuESyGYpsT6j-QmGIcv0Gf4UKHK6HlswJLYnClvRd4g=w54-h54-p-rp-mo-ba3-br100","ADITYA OJHA (Aditya)","Local Guide ¬∑ 32 reviews ¬∑ 7 photos","Óóî","Ó†∏","a year ago","It is one of the best college in Nerul and also in harbour line. Good teachers with good facilities and everything up to mark. I visited here just for an enquiry. I had a talk with the college students who suggested me to have the college if I wish to come in harbour line. Good campus with proper management. Overall Best in least...","","Ó£ú","Like","11","Ó†ç","Share",""
"https://lh3.googleusercontent.com/a/ACg8ocKMzKLKImwBZlfJKaAG39Jg2_rKOmbAehCySFHNlDFR=w54-h54-p-rp-mo-br100","Sourav Sapkal","1 review","Óóî","Ó†∏","a month ago","Terna Engineering College has been a source of immense pride for me. The transformative education provided by the exceptional infrastructure and committed professors has not only shaped my academic journey but also made me proud of my alma mater.","","Ó£ú","","","Ó†ç","Like","Share"
"https://lh3.googleusercontent.com/a-/ALV-UjVlb2yU5QkD9cjdHm0P0vvU0Tca8xk2pnz0BpQz4Y2gsg=w54-h54-p-rp-mo-br100","Yogesh Dhakane","2 reviews","Óóî","Ó†∏","a month ago","As I reflect on my time at Terna Engineering College, I am filled with gratitude. The exceptional infrastructure and supportive professors have been instrumental in my academic achievements. Thank you for being a crucial part of my journey.","","Ó£ú","","","Ó†ç","Like","Share"
"https://lh3.googleusercontent.com/a-/ALV-UjUhcqy9j3mOzCLCgP8zEFDYEEuvPb6bYko9qpvU9XYN13A=w54-h54-p-rp-mo-br100","janvi diparkar","1 review","Óóî","Ó†∏","a month ago","The well-equipped infrastructure at Terna Engineering College is complemented by the expertise of its professors. This combination creates an educational environment that not only fosters academic growth but also prepares students for successful placements.","","Ó£ú","","","Ó†ç","Like","Share"
"https://lh3.googleusercontent.com/a-/ALV-UjXBHnkyuXOwURRW90bWlF_SbTYsp_vKXqkV-UiZ2hVl_QQ=w54-h54-p-rp-mo-ba4-br100","Ganesh Parab","Local Guide ¬∑ 41 reviews ¬∑ 58 photos","Óóî","Ó†∏","2 years ago","Great place, Beautiful infrastructure, Clean and neat surrounding and what not. This college is graded A by NAAC. Teaching staff is also great. Lot of professors completed their doctorate. Best option for Mechanical and Mechatronics ‚Ä¶","More","Ó£ú","Like","7","Ó†ç","Share",""
"https://lh3.googleusercontent.com/a/ACg8ocIhbIYvR_DNi_mUXhUCM6lYpekquIvirE2zmZyP07to=w54-h54-p-rp-mo-br100","Gft Gff","2 reviews","Óóî","Ó†∏","3 months ago","Zero placement record website is only best overall experience with staff and faculty is frustating they won't allow for unit test if fees is pending student section faculty don't know how to behave with students and parents","","Ó£ú","Like","3","Ó†ç","","Share"
"https://lh3.googleusercontent.com/a-/ALV-UjUE4G4eY81jAP-dqEi91J0wSA3W4lvg26HezRNxE_sepQ=w54-h54-p-rp-mo-ba5-br100","SAHARSH P","Local Guide ¬∑ 86 reviews ¬∑ 545 photos","Óóî","Ó†∏","7 months ago","This is a library in Terna Engineering College. AC, Wifi, Books, Laptops and many more are available in this library. There is a lot of discipline there.","","Ó£ú","Like","5","Ó†ç","Share",""
"","","","","","","","","","","","","",""
"","","","","","","","","","","","","",""
"","","","","","","","","","","","","",""
"","","","","","","","","","","","","",""
"","","","","","","","","","","","","",""
"","","","","","","","","","","","","",""
"","","","","","","","","","","","","",""
"","","","","","","","","","","","","",""
"","","","","","","","","","","","","",""
"","","","","","","","","","","","","",""
"","","","","","","","","","","","","",""
"","","","","","","","","","","","","",""
"","","","","","","","","","","","","",""
"","","","","","","","","","","","","",""
"","","","","","","","","","","","","",""
"https://lh3.googleusercontent.com/a-/ALV-UjWIps5IT_Z3Ho1SajR-biVBsolEu2gjonfJOCH0LzYerKw=w54-h54-p-rp-mo-ba3-br100","Manas rane","Local Guide ¬∑ 17 reviews ¬∑ 1 photo","Óóî","Ó†∏","3 months ago","zero placement faculties are going for strike. also clerical and exam department and faculty likes to rotate students just for single signature","","Ó£ú","","","Ó†ç","Like","Share"
"https://lh3.googleusercontent.com/a-/ALV-UjXDqdKWBTPZ4OMmyLG_uqgsUjJOitx0XtRE0JzCXCUR49I=w54-h54-p-rp-mo-ba8-br100","jojo","Local Guide ¬∑ 4,035 reviews ¬∑ 49,427 photos","Óóî","Ó†∏","6 years ago","With prime location, good faculty, good library having adequate infrastructure and facilities giving opportunities in career  development and placement, one of the best colleges in Navi Mumbai in demand having better results.","","Ó£ú","Like","10","Ó†ç","Share",""
"https://lh3.googleusercontent.com/a-/ALV-UjWgsjaQCGq0bgF3Vx76wYurP219kFzs8Yeau7r_x_JPinKP=w54-h54-p-rp-mo-ba3-br100","Ajinkya Kale","Local Guide ¬∑ 21 reviews ¬∑ 6 photos","Óóî","Ó†∏","9 months ago","Terna Engineering College is a private college of engineering in Nerul, Navi Mumbai, Maharashtra, India, affiliated to the University of Mumbai, operating under Terna Public Charitable Trust","","Ó£ú","Like","2","Ó†ç","Share",""
"https://lh3.googleusercontent.com/a/ACg8ocIjD1xlqyChV544meZ2YxOcKp9lO17axUUAEMdZXGUY=w54-h54-p-rp-mo-br100","Parmar Sushila","3 reviews","Óóî","Ó†∏","5 months ago","It is one of the best college in Nerul and also in harbour line. Good teachers with good facilities and everything up to mark. I want to visit it for one time .","","Ó£ú","","","Ó†ç","Like","Share"
"https://lh3.googleusercontent.com/a-/ALV-UjVjoDmlGzplA0ie4fIGc9ik4NnYTMr8VnUBpmljBAvqjCw=w54-h54-p-rp-mo-ba4-br100","Vedant Tanpure","Local Guide ¬∑ 75 reviews ¬∑ 4 photos","Óóî","Ó†∏","2 months ago","They don't make any changes until you speak about it.
You have to stand for your rights.
Most students have to do all the work from arranging festivals and events to ‚Ä¶","More","Ó£ú","Like","1","Ó†ç","","Share"
"https://lh3.googleusercontent.com/a-/ALV-UjWXIIrb13PTfbIZEnk0Xmi427NmrWMeyTtnufuqgwxUGbI=w54-h54-p-rp-mo-ba4-br100","Museb Modak","Local Guide ¬∑ 76 reviews ¬∑ 75 photos","Óóî","Ó†∏","a year ago","Good Infrastructure Doesn't matter's, Good Behavior Matter's.
College Don't Allow Student to appear for exam if they don't pay College fee's in time, Even if some students are facing financial issue, they don't allow. ‚Ä¶","More","Ó£ú","Like","29","Ó†ç","","Share"
"https://lh3.googleusercontent.com/a-/ALV-UjUJxKPXfnFg_YzclNUsrJruN880tCAvkPN_XvZoLQtD1E5H=w54-h54-p-rp-mo-br100","Snehal Patil","5 reviews","Óóî","Ó†∏","5 years ago","Its a good college, had good time here. It has good facilities like library (reading room)where in students who need total silence can come, it also has turf. Faculties interact with students very well and help them when in need.  The labs in computer department are well equipped.","","Ó£ú","Like","5","Ó†ç","","Share"
"https://lh3.googleusercontent.com/a-/ALV-UjWF48GYvZRbARvEia8Aym1-a-tYkQPZu9gOgZb4eDradqg=w54-h54-p-rp-mo-ba5-br100","Aftab","Local Guide ¬∑ 151 reviews ¬∑ 172 photos","Óóî","Ó†∏","11 months ago","2019: I was here for Project Competition and wasn't exactly impressed.

The cafeteria for some reason is on the 4th floor or something though I saw an ‚Ä¶","More","Ó£ú","Like","5","Ó†ç","","Share"
"https://lh3.googleusercontent.com/a/ACg8ocIjCGGd2FlawCEdNl2Tc181RzJFz34ig017vV7Gzd6c=w54-h54-p-rp-mo-br100","Nobita Shizuka","1 review","Óóî","Ó†∏","6 years ago","One of the worst college ever built.
Nothing good happens in this college.
It is useless as hell. ‚Ä¶","More","Ó£ú","Like","44","Ó†ç","","Share"
"https://lh3.googleusercontent.com/a-/ALV-UjUPw-lTYcufVWw0YWCtJKx2zijuGcfz5mCt8y5UCts7iEI6=w54-h54-p-rp-mo-ba4-br100","Piyush Sonavane","Local Guide ¬∑ 92 reviews ¬∑ 36 photos","Óóî","Ó†∏","a year ago","As per education perspective the faculty is best in all departments.. also practical knowledge you will get here is better than other  colleges..","","Ó£ú","","","Ó†ç","Like","Share"
"https://lh3.googleusercontent.com/a-/ALV-UjWo04M4qXZFZP-UpfGLniJstVbsyUY1MGFSM4Vbhy8Mwe4=w54-h54-p-rp-mo-ba6-br100","Gajendra S","Local Guide ¬∑ 464 reviews ¬∑ 871 photos","Óóî","Ó†∏","6 years ago","Private Engineering Institute adjacent to Terna Medical College. The college provides engineering degree in various streams. The education is quite good here. Apart from education, yearly annual function is celebrated here. As the college ‚Ä¶","More","Ó£ú","Like","6","Ó†ç","","Share"
"https://lh3.googleusercontent.com/a-/ALV-UjVwjVPYo7Kp_NE2YME4vRK8Y6_yi_3EL7W6mzrfFyPckuZD=w54-h54-p-rp-mo-br100","Savita Khamitkar","1 review","Óóî","Ó†∏","3 years ago","Such a cool place to work n learn. Supportive staff members. Lots of positive things n environment. It is a growing organization which is n will be definitely useful to students. ‚Ä¶","More","Ó£ú","Like","2","Ó†ç","","Share"
"https://lh3.googleusercontent.com/a-/ALV-UjUX03iXS4nOPzTpCnIM1mzfmBkzGvLk-LDBuEmPxvbP66Q=w54-h54-p-rp-mo-br100","sandeep chauhan","10 reviews","Óóî","Ó†∏","3 years ago","The infrastructure is nice and it is very near from nerul railways station (W). I'm in mech Branch so the faculties have average teaching experience but they try their best to explain you. They conduct lots of activities so that you can ‚Ä¶","More","Ó£ú","Like","6","Ó†ç","","Share"
"https://lh3.googleusercontent.com/a/ACg8ocLzS-Q8YMKL4EZt4_9UX5VGLdRkPjQl5vg-XQQtIc6JQA=w54-h54-p-rp-mo-br100","Mayur Shevate","3 reviews","Óóî","Ó†∏","5 years ago","College is good..one of the best thing its very near to nerul station.Faculties are good .They will help you in possible ways. Infrastructure is also good..with AC libraries. In few months college will have football turf which is professional level ground.","","Ó£ú","Like","5","Ó†ç","","Share"
"https://lh3.googleusercontent.com/a/ACg8ocKVto_cbYHqlEspuOQBd6C68wQQoyqcB322u5swFHe1RQ=w54-h54-p-rp-mo-br100","Yogesh Bankar","12 reviews ¬∑ 2 photos","Óóî","Ó†∏","a month ago","Best College for engineering in Navi mumbai","","Ó£ú","","","Ó†ç","Like","Share"
"https://lh3.googleusercontent.com/a/ACg8ocJVRVUYjlxVYVZpCVzLwaV4-tb0Cfa8VHlkKsEmBC-w=w54-h54-p-rp-mo-br100","killer bee","6 reviews","Óóî","Ó†∏","4 years ago","Don't take admission over here worst college seen.Especially if you are planning to do master never take admission they encourage you to take admission you can do study and job.Then torture you to hell. ‚Ä¶","More","Ó£ú","Like","15","Ó†ç","","Share"
"https://lh3.googleusercontent.com/a-/ALV-UjWLhqJzb5XmeHxmRiMHmyxoyh9BZERfHNPBRSy1gP1lCr4=w54-h54-p-rp-mo-ba4-br100","Parth Morje","Local Guide ¬∑ 43 reviews ¬∑ 15 photos","Óóî","Ó†∏","11 months ago","It is a good college it has average facilities a college should and the students also follow college rules properly","","Ó£ú","Like","2","Ó†ç","","Share"
"https://lh3.googleusercontent.com/a/ACg8ocLHCItjOZvhdkZdyTJ1z2orimIo9uIQu_vRwuHP51jM=w54-h54-p-rp-mo-br100","prajakta atale","4 reviews","Óóî","Ó†∏","a year ago","The infrastructure of the college is nice but the staff is not good. There is a lady in the administrative department who doesn't know how to talk to parents and students. She is very rude","","Ó£ú","Like","7","Ó†ç","","Share"
"https://lh3.googleusercontent.com/a-/ALV-UjVehq-OWad-TazT6-7vi6qTsBC6OGTWt23axU6Q9wQWqA=w54-h54-p-rp-mo-ba3-br100","SiD Divekar","Local Guide ¬∑ 49 reviews ¬∑ 56 photos","Óóî","Ó†∏","4 years ago","The college is clean and hygienic. Also the construction of the college building is nice and well maintained. Greenery is also there as there are big trees in the college garden. it feels pleasant watching from the top floor of the college.","","Ó£ú","Like","2","Ó†ç","Share",""
"https://lh3.googleusercontent.com/a-/ALV-UjVnHaLAz2VQGWjzCWW-zL4dyneIpVKrspklYZmVsp_9U1L1=w54-h54-p-rp-mo-ba5-br100","MANSOOR SARGUROH","Local Guide ¬∑ 341 reviews ¬∑ 113 photos","Óóî","Ó†∏","3 years ago","A great college and the staffs for the first and second year. The atmosphere is very comfortable. The HOD team in first and second years, and the other faculty members I met personally for my son were very co operative and supportive. ‚Ä¶","More","Ó£ú","Like","1","Ó†ç","","Share"
"https://lh3.googleusercontent.com/a-/ALV-UjWEeZEcKpVgFT4dSxnQkF4Tf4KSCxadKwrJlebnOckWrdI=w54-h54-p-rp-mo-br100","Akash Singh","12 reviews ¬∑ 1 photo","Óóî","Ó†∏","5 years ago","Overall college is good . Infrastructure has been improved with recently built reading room and library.The faculties are very supportive.Canteen is good and spacious.The college organizes various workshops and industrial training for overall student development","","Ó£ú","Like","1","Ó†ç","","Share"
"https://lh3.googleusercontent.com/a/ACg8ocKugyWezc7E4cAmtW6cChrBn9nVfJfrgsUEq7iIUuiy=w54-h54-p-rp-mo-br100","Dheeraj Devadiga","2 reviews","Óóî","Ó†∏","5 months ago","It is a decent college, and the faculty members are good.","","Ó£ú","","","Ó†ç","Like","Share"
"https://lh3.googleusercontent.com/a/ACg8ocLnBPdttfbV_KGJANnDtrwS5cOg1XogQf3hyyXeUbiCew=w54-h54-p-rp-mo-ba2-br100","Shyam punia","Local Guide ¬∑ 14 reviews ¬∑ 28 photos","Óóî","Ó†∏","7 years ago","college is good.specially for computer and it(has apple mac lab)!
placements record is average with 2 - 5.6 lpa in 85% product based companies bcz those companies have quality jobs. ‚Ä¶","More","Ó£ú","Like","3","Ó†ç","","Share"
"https://lh3.googleusercontent.com/a-/ALV-UjWwoxKMVZqXa0vZBZcJpgwH8avV_8M3aNb6HMxRpZ4hrA=w54-h54-p-rp-mo-ba4-br100","Abhilash Nambiar","Local Guide ¬∑ 41 reviews ¬∑ 221 photos","Óóî","Ó†∏","5 years ago","Infrastructure is pretty good - Football turf, Apple Lab, AC Reading Room, pretty good library, hostel services, a pond, canteen(not so good). Campus placements are average and not as good as RAIT or SIES(other engineering colleges in Nerul)","","Ó£ú","Like","4","Ó†ç","","Share"
"https://lh3.googleusercontent.com/a-/ALV-UjVWz-q80XBcQKOTqr2yvCRnXiW_pzxadkMH72nf_Shfd0w=w54-h54-p-rp-mo-br100","ANIKET JADHAV","10 reviews ¬∑ 1 photo","Óóî","Ó†∏","5 years ago","Infrastructure is very good. Teachers are very good. Teachers are supportive. We had won smart india hackathon with 2nd prize in 2017 with a great support from our IT department.
Overall, best college in navi mumbai.","","Ó£ú","Like","4","Ó†ç","","Share"
"https://lh3.googleusercontent.com/a/ACg8ocLIgNzSbpvu3FWankpuVeziRt2L0j3o1UvvM2AZoiNQ=w54-h54-p-rp-mo-br100","alpha test","2 reviews","Óóî","Ó†∏","6 years ago","Expert review: New Admission
1.Good infrastructure, but facilities provided are more costly than actual cost. ‚Ä¶","More","Ó£ú","Like","22","Ó†ç","","Share"
"https://lh3.googleusercontent.com/a-/ALV-UjUow5zkm2q8616A8PFJeC1EsFu8ULAmMYU8RxEALe120GU=w54-h54-p-rp-mo-br100","Jyothi Digge","1 review","Óóî","Ó†∏","7 years ago","Best college in Navi Mumbai.Experienced faculty, good infra structure,state of the art library,hostel facilities,Higher education cell for students.Nearer to railway station. ‚Ä¶","More","Ó£ú","Like","5","Ó†ç","","Share"
"https://lh3.googleusercontent.com/a-/ALV-UjV4FXUVtSnrywGOcGsySmynyBBXr9Xh3Sv5Yj3g-aYBfo4J=w54-h54-p-rp-mo-ba5-br100","Krishna Nikumbh","Local Guide ¬∑ 243 reviews ¬∑ 90 photos","Óóî","Ó†∏","a year ago","Very clean, spacious and beautiful place. Right place to make career and live peaceful life too. Clean Air is god's gift here.
Affordable also.
I recommend this place.","","Ó£ú","Like","3","Ó†ç","","Share"
"https://lh3.googleusercontent.com/a-/ALV-UjXA7M1mwW2d5R2uvPJ_s8jHIWcqAaUMicjYzLCl3Hk1Uw=w54-h54-p-rp-mo-br100","Madhura Mayekar","16 reviews ¬∑ 6 photos","Óóî","Ó†∏","6 years ago","I wish i can rate less than this.. the worst college so far.. i recommend you not to take admission in this clg even if u have no options left. U can try bsc or some other course rather than doing engg from this clg. Worst teachers..worst staff.. evn non teaching staff. Worst canteen. Only the library is good thats all.","","Ó£ú","Like","21","Ó†ç","","Share"
"https://lh3.googleusercontent.com/a/ACg8ocJPddBqzPHFV8YyP2NzbnxqjwlzTO4n8zpfJ0nMLaqH_Gw=w54-h54-p-rp-mo-ba3-br100","Prajwal Shetye","Local Guide ¬∑ 12 reviews ¬∑ 12 photos","Óóî","Ó†∏","5 years ago","It has a good study environment and a great place to enhance your skills as it also has a TI Innovation Centre where you can work on projects to acquire new skills.... Also it has an good infrastructure.....","","Ó£ú","","","Ó†ç","Like","Share"
"https://lh3.googleusercontent.com/a/ACg8ocJj5qSew8IuocgV9PJdJXXgCh89cMz_7DmRCIHbPkuO=w54-h54-p-rp-mo-br100","Neeraj Malviya","2 reviews","Óóî","Ó†∏","5 years ago","The college is near to station and easily reachable.
They have also started civil engineering.
If you are looking for hostel,they provide hostel facility as well..
Good college for UG and PG","","Ó£ú","Like","4","Ó†ç","","Share"
"https://lh3.googleusercontent.com/a-/ALV-UjVl0CkKI5jSnyM-Aswd1S8fRQEZsYsUb--8z-LK8T9UKECL=w54-h54-p-rp-mo-ba4-br100","Suyash Mandloi","Local Guide ¬∑ 119 reviews ¬∑ 188 photos","Óóî","Ó†∏","6 years ago","I'm stuck here for like next 3 years i don't give a damn about the place the people the staff etc. I just wanna complete my degree and work on my own although the college is not bad after all just they don't provide proper facilities; for ‚Ä¶","More","Ó£ú","Like","14","Ó†ç","","Share"
"https://lh3.googleusercontent.com/a-/ALV-UjVpT3iC7jZBsd5WGWE6gLNR3JyxfE3GQg6CH_T3OTHnoVk=w54-h54-p-rp-mo-br100","Rishab Shukla","9 reviews ¬∑ 3 photos","Óóî","Ó†∏","5 years ago","It is good place for the people who don't really care much and are comfortable with self learning even though this statement mentioned there few fabulous and knowledgeable teachers college has good infrastructure,libary,grounds,enivorment and i am happy to be part of it","","Ó£ú","Like","2","Ó†ç","","Share"
"https://lh3.googleusercontent.com/a/ACg8ocLESLCHMLUAWLgio1-ff1rKuC84nvMhWDSanwF8ezpE=w54-h54-p-rp-mo-ba3-br100","vartak bhagat","Local Guide ¬∑ 32 reviews ¬∑ 124 photos","Óóî","Ó†∏","5 years ago","Overall college is to bad ,to teaching staff is perfect totally useless staff , including office total nonsense,
Galti se bi es college mai admission mat lena life zand ho jayegi
Knowledge zero milega apko","","Ó£ú","Like","25","Ó†ç","","Share"
"https://lh3.googleusercontent.com/a/ACg8ocLzddAuGRjCqD7x-TFDbZk0PhVJr8q-Eg7Tk6kavikaCfw=w54-h54-p-rp-mo-br100","Swapnil Patil","6 reviews","Óóî","Ó†∏","5 years ago","College is good , NBA accredited, faculties are helpful, infrastructure is good especially library. The best part is it is near Nerul railway station.","","Ó£ú","","","Ó†ç","Like","Share"
"https://lh3.googleusercontent.com/a-/ALV-UjUCA23WU1vSfLMg9FrLHvoNDyp7Lvs5k1Q0VkDyUNCBXl3V=w54-h54-p-rp-mo-br100","Khan Mehtab Alam","8 reviews ¬∑ 6 photos","Óóî","Ó†∏","a year ago","Quite good College ! Some of the admission staff of Room no.119 are not that much co-operative.","","Ó£ú","Like","3","Ó†ç","","Share"
"https://lh3.googleusercontent.com/a/ACg8ocKsOEwKDvbcAMJITdFuNjio9_Q0Sj8YVlmHMcEw4THa=w54-h54-p-rp-mo-br100","pics only","1 review","Óóî","Ó†∏","6 years ago","1- 99% crowd villagers including staff :)
2- Canteen, cant be defined as canteen
3- teaching faculty dosent care abt students at all  and they too are villagers ‚Ä¶","More","Ó£ú","Like","19","Ó†ç","","Share"
"https://lh3.googleusercontent.com/a-/ALV-UjU3lO5IaBBgQZgU-FQSqBBxRxhAbnKhUQ5guCAKGCFvzU8=w54-h54-p-rp-mo-ba5-br100","Kartik Jadhav","Local Guide ¬∑ 118 reviews ¬∑ 176 photos","Óóî","Ó†∏","10 months ago","I visited this college for MBA counseling. For engineering, this is one of the best and famous college.","","Ó£ú","Like","1","Ó†ç","","Share"
"https://lh3.googleusercontent.com/a-/ALV-UjUTzldkiXjmS-L5gNyi9jddV9EhSl70OlAfmIFETS1FHW22=w54-h54-p-rp-mo-ba8-br100","Shabaaz Mansoori","Local Guide ¬∑ 2,074 reviews ¬∑ 10,726 photos","Óóî","Ó†∏","5 years ago","Terna Engineering College is a private engineering college in Nerul, Navi Mumbai, India affiliated to University of Mumbai. Terna Engineering College was established in 1991.[1] Terna Engineering College is public A graded college.[2] The ‚Ä¶","More","Ó£ú","Like","7","Ó†ç","","Share"
"https://lh3.googleusercontent.com/a-/ALV-UjVnHeTNxZuVAnHjp6aahdRcjSf011nMrgejx8lPbaaQuGw=w54-h54-p-rp-mo-br100","Mahesh Kavre","4 reviews","Óóî","Ó†∏","2 years ago","Best engineering college.... good technical and sports facilities for students..... Best industry training and Placement cell","","Ó£ú","Like","3","Ó†ç","","Share"
"https://lh3.googleusercontent.com/a-/ALV-UjXXuFzlCu-9QmD75izHOrHrtl-HVjHEGLkUHt0-Nu_RMQ=w54-h54-p-rp-mo-br100","Nitish Yadav","1 review","Óóî","Ó†∏","a year ago","It is very nice collage, all the teachers ia paying attention to the students..","","Ó£ú","","","Ó†ç","Like","Share"
"https://lh3.googleusercontent.com/a/ACg8ocLq6oOtRHZ8FbNg_1yAJvLpDsryIw4kQdjLmQ9cZg3K=w54-h54-p-rp-mo-ba3-br100","Y k","Local Guide ¬∑ 27 reviews ¬∑ 9 photos","Óóî","Ó†∏","4 years ago","It has a good infrastructure......... good crowd..........also it has most of the facilities available......... , library with various fields reference books, Well arrangements for transportation........","","Ó£ú","","","Ó†ç","Like","Share"
"https://lh3.googleusercontent.com/a-/ALV-UjU2EjEqLwzksKW-fLsMoQR-IxdYBuUvNtmEf9toyML7lA=w54-h54-p-rp-mo-br100","ak w","4 reviews ¬∑ 2 photos","Óóî","Ó†∏","a year ago","If you want to remain unemployed or want to work in BPO then take admission in this ek din me Paisa double business kendra","","Ó£ú","Like","9","Ó†ç","","Share"
"https://lh3.googleusercontent.com/a-/ALV-UjWrlnF3jUPz6T-tluyaTRUpQuVb6Qsie-ngreoltyEOFik=w54-h54-p-rp-mo-br100","K D","3 reviews ¬∑ 3 photos","Óóî","Ó†∏","2 years ago","Dont west your time with this college they  provide placemenr with wost compnys that company is not related with you streem they offer 70-90% Process based jobs just west of mony","","Ó£ú","Like","11","Ó†ç","","Share"
"https://lh3.googleusercontent.com/a-/ALV-UjWuzfgWjN8z76FsogwbhBIH57v6uxnQrReI1_Qz554DXw=w54-h54-p-rp-mo-br100","Prathamesh Naik","11 reviews","Óóî","Ó†∏","4 years ago","Apart from the activities inside the classroom, you would love every other facilities provided by the college(of course, except those annoying reading room master and gate watchman)","","Ó£ú","","","Ó†ç","Like","Share"
"https://lh3.googleusercontent.com/a/ACg8ocKPaVmdk4H0_ohNNX43lm4UiYk8ONlIg5lsbC-NPAzK=w54-h54-p-rp-mo-br100","Malik Bhai","2 reviews","Óóî","Ó†∏","5 months ago","Very good college for engineer","","Ó£ú","","","Ó†ç","Like","Share"
"https://lh3.googleusercontent.com/a-/ALV-UjUr6lO0U1zt1YOZv2M851_msWrbxzMLYVtuBeWBMZi7IR0=w54-h54-p-rp-mo-br100","sudhir joshi","12 reviews","Óóî","Ó†∏","3 years ago","Good college.
Students can use ""flowchart to code converter"" app in their engineering projects.","","Ó£ú","Like","1","Ó†ç","","Share"
"https://lh3.googleusercontent.com/a-/ALV-UjWBSp5sJ_7qWX14x9sA8SiJwKvy7tlYx5mnKqJpel7J-XY=w54-h54-p-rp-mo-br100","Tejas Deshmukh","6 reviews","Óóî","Ó†∏","2 years ago","TEC is good college for Civil Engineering. All staff is supportive and professional","","Ó£ú","Like","7","Ó†ç","","Share"
"https://lh3.googleusercontent.com/a-/ALV-UjV-dXsS9UsQ7G0qVPO4eEO61H14yH3s3595QlMfK5IO3Q=w54-h54-p-rp-mo-br100","pinky goel","3 reviews","Óóî","Ó†∏","4 months ago","very good","","Ó£ú","","","Ó†ç","Like","Share"
"https://lh3.googleusercontent.com/a-/ALV-UjVUPayzlUlSz6Grqg_p6Tk2RcfV2tHzv4ogN0K2GTMQ1ezh=w54-h54-p-rp-mo-ba5-br100","Kartik Kumbhare","Local Guide ¬∑ 113 reviews ¬∑ 862 photos","Óóî","Ó†∏","6 years ago","This college is still in it's developing stage. Especially mechanical branch. But overall it is a great college for learning.","","Ó£ú","Like","1","Ó†ç","","Share"
"https://lh3.googleusercontent.com/a-/ALV-UjUqvhWs-NpGUQaEOJnS2zgL0WrmMcpiiTTvHgDG-MW1Yw=w54-h54-p-rp-mo-ba3-br100","RajendRa ChoudhaRi","Local Guide ¬∑ 54 reviews ¬∑ 6 photos","Óóî","Ó†∏","a year ago","Great experience very good ambiance with fantastic facilities for students","","Ó£ú","","","Ó†ç","Like","Share"
"https://lh3.googleusercontent.com/a-/ALV-UjWvBcGqFaty8xrLs6lSymhL5Y0Tg6In49ONQJf6rN8ykzSJ=w54-h54-p-rp-mo-ba3-br100","Rpatzz_z","Local Guide ¬∑ 16 reviews ¬∑ 2 photos","Óóî","Ó†∏","9 months ago","Decent college with decent facilities and staff","","Ó£ú","","","Ó†ç","Like","Share"
"https://lh3.googleusercontent.com/a-/ALV-UjWvI8WaxfgCpcJ7eLL6gkF68AHfl50KPhHfvpCEtFsA5g=w54-h54-p-rp-mo-ba2-br100","tanmay katke","Local Guide ¬∑ 18 reviews","Óóî","Ó†∏","a year ago","My College, Not so good and not so baddddd faculty is good but management is intolerable.","","Ó£ú","Like","1","Ó†ç","","Share"
"https://lh3.googleusercontent.com/a-/ALV-UjUvP1ghiswOnPL4C0cF6Rk2vrjrdwyOZIrlzTpjSKNrnQ=w54-h54-p-rp-mo-br100","shantanu sawant","2 reviews ¬∑ 2 photos","Óóî","Ó†∏","7 years ago","NBA Accredited college with quality teaching
One of the best in navi mumbai with good placement %","","Ó£ú","Like","1","Ó†ç","","Share"
"https://lh3.googleusercontent.com/a-/ALV-UjXhJJi_yWAsuWny0xrMKkhNBMe6qfU0IhOO9aCEGo6TxEcl=w54-h54-p-rp-mo-ba4-br100","Shubham Gurav","Local Guide ¬∑ 122 reviews ¬∑ 114 photos","Óóî","Ó†∏","8 years ago","Nearby the station , Teaching staff is good - whatelse does anyone expect?
Placement! It depends upon you right?üòÇüòÇ ‚Ä¶","","Ó£ú","Like","1","Ó†ç","","Share"
"https://lh3.googleusercontent.com/a-/ALV-UjW5hO3-U3gpIMb8u7kl7q79y7yhsKNptu18ePD74oNT_r8=w54-h54-p-rp-mo-ba4-br100","mohit agarwal","Local Guide ¬∑ 92 reviews","Óóî","Ó†∏","5 years ago","GIVES AUDITORIUM ON RENT TO FRAUD COMPANIES ON EVERY SUNDAY. THIS IS A CRIME. DO STOP IT SOON. THE COMPANIES WHOM YOU GIVE AUDITORIUM PLAY WITH THE LIFE OF STUDENTS","","Ó£ú","Like","22","Ó†ç","","Share"
"https://lh3.googleusercontent.com/a-/ALV-UjX4cKp5hcZKMQ_gyjEaVyQOkOkFSoomsPEHxDdLfCluA2U=w54-h54-p-rp-mo-ba3-br100","Amol Chavan","Local Guide ¬∑ 18 reviews","Óóî","Ó†∏","7 years ago","Best college. Good infra. Good location. Best library. Maximum opportunities.
Best placements.","","Ó£ú","Like","1","Ó†ç","","Share"
"https://lh3.googleusercontent.com/a-/ALV-UjXcqkOBC2UOcwdd3UsGOh_3NFoMWDjuIHtm7rl4PtklClA=w54-h54-p-rp-mo-br100","Vishal Gawade","1 review","Óóî","Ó†∏","6 years ago","They exactly know how to take money from your pocket..You'll get admission here even before cap rounds by black money..Don't take admission here as for humanity","","Ó£ú","Like","5","Ó†ç","","Share"
"https://lh3.googleusercontent.com/a-/ALV-UjWmyQ40uLcGvzcxyCFlg08hRD5Nyzdv_7JTXN8zspqONz5E=w54-h54-p-rp-mo-ba5-br100","Govind Padhi","Local Guide ¬∑ 36 reviews ¬∑ 592 photos","Óóî","Ó†∏","a year ago","Good engineering college having many departments such as computer science, electronics, civil, electronics and telecommunications, mechanical, MECHATRONICS..","","Ó£ú","","","Ó†ç","Like","Share"
"https://lh3.googleusercontent.com/a-/ALV-UjWdVVpuT0EpgfdWtVEk-xpWcAK47ZL2fhd-gUG7pBaLPHIy=w54-h54-p-rp-mo-ba4-br100","Kritish Lokhande","Local Guide ¬∑ 37 reviews ¬∑ 117 photos","Óóî","Ó†∏","6 years ago","Nice college... Good infrastructure... Close proximity from station","","Ó£ú","Like","1","Ó†ç","","Share"
"https://lh3.googleusercontent.com/a/ACg8ocKgRubS2NUXZiyjVmI4oXtI2sp0_1sf8BhHBzD7YbwL=w54-h54-p-rp-mo-ba3-br100","udrkr vm","Local Guide ¬∑ 26 reviews","Óóî","Ó†∏","5 years ago","worst college ever, management sucks, came here for facilitation and people who cane after me get the chance to go and verify before me. seriously pissed me off!","","Ó£ú","Like","9","Ó†ç","","Share"
"https://lh3.googleusercontent.com/a-/ALV-UjUwSjY7TDPBhCBIIZpCPVgqB3InwYtT2qOk95H7YKF7oys=w54-h54-p-rp-mo-ba6-br100","Ankush Bhoir","Local Guide ¬∑ 231 reviews ¬∑ 778 photos","Óóî","Ó†∏","3 months ago","Average PMJAY experience.","","Ó£ú","","","Ó†ç","Like","Share"
"https://lh3.googleusercontent.com/a-/ALV-UjVip3GNtPw2QVK1SFTwJNEhoWAzfr4wOt0J2jeFxxRUQw=w54-h54-p-rp-mo-br100","Mehul Dwivedi","4 reviews","Óóî","Ó†∏","6 years ago","Its very fabulous and gorious college and i wants to get admission in this college bcoz i listened too much about this","","Ó£ú","Like","1","Ó†ç","","Share"
"https://lh3.googleusercontent.com/a-/ALV-UjX2oGRKV4bMitnq4iAJExs0VRLQw78sSDUmkaTXbdpJrWyX=w54-h54-p-rp-mo-br100","The_arshaa_007","78 reviews","Óóî","Ó†∏","5 years ago","wonderful campus..great activities take place here.totally love this college
#csirocks","","Ó£ú","Like","4","Ó†ç","","Share"
"https://lh3.googleusercontent.com/a-/ALV-UjUiyBuy2tGksfkM_Vn3U6Dbp51-yFxuNdf4b_r2wHsfRwo=w54-h54-p-rp-mo-ba6-br100","Amjad Solkar","Local Guide ¬∑ 353 reviews ¬∑ 1,696 photos","Óóî","Ó†∏","6 years ago","Just once I visited here for GATE EXAM.Classrooms were good enough compared to my college.","","Ó£ú","Like","1","Ó†ç","","Share"
"https://lh3.googleusercontent.com/a/ACg8ocKPefAvovHNZStmlT2cD-vFvAbesXO88o6ybMglkDm7=w54-h54-p-rp-mo-br100","koushik bopanna","5 reviews","Óóî","Ó†∏","5 months ago","Good environment and teachers","","Ó£ú","","","Ó†ç","Like","Share"
"https://lh3.googleusercontent.com/a/ACg8ocL-MdBVc8__UvWIsUYlcq8qPLsIYvEYKAkUJWM96_EX=w54-h54-p-rp-mo-br100","Aastha Chavan","1 review","Óóî","Ó†∏","a month ago","Worst","","Ó£ú","","","Ó†ç","Like","Share"
"https://lh3.googleusercontent.com/a/ACg8ocIkqNorDNvOLLNOVod7WscuKAZD1M0cYNGVRqlHn4Tk=w54-h54-p-rp-mo-br100","shubham kadam","1 review","Óóî","Ó†∏","a year ago","Please don't join or your future will be destroyed üôè üôèüôèüôèüôèüßîüò≠ ‚Ä¶","","Ó£ú","Like","4","Ó†ç","","Share"
"https://lh3.googleusercontent.com/a-/ALV-UjUjyT4hVV-zilpKJ4r_LwtZ6Xh4RuFNJiz4Gvb-NdvML9U=w54-h54-p-rp-mo-br100","bajrang","3 reviews","Óóî","Ó†∏","5 months ago","Better","","Ó£ú","","","Ó†ç","Like","Share"
"https://lh3.googleusercontent.com/a-/ALV-UjXtU0mfXn2l-xp6__pdsDA4-DofurAisbKteYjGtUaEwe4=w54-h54-p-rp-mo-br100","Jagruti Kolte","2 reviews","Óóî","Ó†∏","5 years ago","Very Good collage.so much supporting staff and comfortable atmosphere.nice workplace !!","","Ó£ú","","","Ó†ç","Like","Share"
"https://lh3.googleusercontent.com/a-/ALV-UjUoNw7UBiuS--ZCc_FCCPXFEb1TA7WRzb850x89IzPhJNnc=w54-h54-p-rp-mo-ba6-br100","Papia Mandal","Local Guide ¬∑ 149 reviews ¬∑ 4,927 photos","Óóî","Ó†∏","5 years ago","Good staff.nice work place.teachers are good.well mauntain.quality of teaching is good.infrastructure is good.","","Ó£ú","Like","2","Ó†ç","","Share"
"https://lh3.googleusercontent.com/a-/ALV-UjUX61MBaRUteQRzMVAr5mtqNX5kIkhTZzj_efrJLXirvhk=w54-h54-p-rp-mo-ba3-br100","Himanshu Kamble","Local Guide ¬∑ 17 reviews ¬∑ 21 photos","Óóî","Ó†∏","a year ago","Very good Engineering College in Navi mumbai","","Ó£ú","","","Ó†ç","Like","Share"
"https://lh3.googleusercontent.com/a-/ALV-UjVtdwHsBz3vqXVywYomP9RkjF9vmLVwyC9rW054cTOwAQ=w54-h54-p-rp-mo-br100","Abhishek Singhania","6 reviews ¬∑ 2 photos","Óóî","Ó†∏","5 months ago","Good","","Ó£ú","","","Ó†ç","Like","Share"
"https://lh3.googleusercontent.com/a-/ALV-UjUbbu2ldvs1iEu70wdUNhWylhqEtdnKZ80j27eVIfq0mfg=w54-h54-p-rp-mo-ba4-br100","Mahesh Joshi","Local Guide ¬∑ 270 reviews ¬∑ 41 photos","Óóî","Ó†∏","4 years ago","Area of college is very large. Good college for medical students.","","Ó£ú","","","Ó†ç","Like","Share"
"https://lh3.googleusercontent.com/a-/ALV-UjXbTfG9GP1BO5xxKHgi1rxTIGddPkH0Qx0sQ_j2v06jEMdz=w54-h54-p-rp-mo-ba2-br100","Ratan Kanade","Local Guide ¬∑ 7 reviews ¬∑ 22 photos","Óóî","Ó†∏","7 years ago","Itz fine college if you get percentile between 60 to 75...","","Ó£ú","","","Ó†ç","Like","Share"
"https://lh3.googleusercontent.com/a-/ALV-UjUxJCbfhmGCUkmgXrY_AyEfCvIayFXdU4ADICSPcfV6PuY=w54-h54-p-rp-mo-br100","Saurav Singh","3 reviews","Óóî","Ó†∏","6 years ago","Very very very nice college all type of facilities avalible","","Ó£ú","","","Ó†ç","Like","Share"
"https://lh3.googleusercontent.com/a-/ALV-UjVoBqa54fnw2-CgjkFt5CbVTEfZ7kwzSqE3dsSHDfIjKpbC=w54-h54-p-rp-mo-ba2-br100","Pratik Talawadekar","Local Guide ¬∑ 21 reviews ¬∑ 4 photos","Óóî","Ó†∏","5 years ago","They give industrial exposure and they have tera data on the campus...","","Ó£ú","","","Ó†ç","Like","Share"
"https://lh3.googleusercontent.com/a-/ALV-UjWflb_7zEVUxbi2KwPJYYrfCOTL1B65yFW5ZS2nIfnFdlI=w54-h54-p-rp-mo-ba2-br100","Rudransh Pandey","Local Guide ¬∑ 12 reviews","Óóî","Ó†∏","5 years ago","Think before taking admission in this college
Some faculty is good and some are bad","","Ó£ú","Like","7","Ó†ç","","Share"
"https://lh3.googleusercontent.com/a-/ALV-UjX5XjrdxGLxWfxTlo53W4vxl0btlTWWplRQdnmgzSW_yFo=w54-h54-p-rp-mo-br100","Neeta Jani","6 reviews","Óóî","Ó†∏","a year ago","Decent College with 360¬∞ Student Development.","","Ó£ú","","","Ó†ç","Like","Share"
"https://lh3.googleusercontent.com/a-/ALV-UjWIQyKVn6hlJIdm4NjDPAsgdg_YTeeyWC2VlVgQGeozZA=w54-h54-p-rp-mo-br100","Mahesh Wagh","6 reviews ¬∑ 2 photos","Óóî","Ó†∏","7 years ago","Good engineering college for Computer,  IT,  electronics and EXTC engineering,  Helpful Staff.","","Ó£ú","","","Ó†ç","Like","Share"
"https://lh3.googleusercontent.com/a-/ALV-UjV978zZPbWLBpmo_F56IiahRFrPUbo7AWtWvnww3KTZAwo=w54-h54-p-rp-mo-br100","Milind Naik","13 reviews ¬∑ 1 photo","Óóî","Ó†∏","8 years ago","This is the first college in maharastra who have started Mechatronics Engg.","","Ó£ú","Like","2","Ó†ç","","Share"
"https://lh3.googleusercontent.com/a-/ALV-UjUEl3vn85D9UBdsBKRFcC2JCb5h2Ycl7ybDA5zpDY3EFA=w54-h54-p-rp-mo-ba3-br100","Varun Mane","Local Guide ¬∑ 28 reviews ¬∑ 20 photos","Óóî","Ó†∏","a year ago","Good college for engineering students","","Ó£ú","","","Ó†ç","Like","Share"
"https://lh3.googleusercontent.com/a/ACg8ocLyMRjNyjGM8KLMVqCeepsQ-mp7budKFNjL7hNRrcqu=w54-h54-p-rp-mo-br100","Pooja Patil","2 reviews","Óóî","Ó†∏","8 years ago","very nice infrastructure,near station,good placement for computer branch","","Ó£ú","","","Ó†ç","Like","Share"
"https://lh3.googleusercontent.com/a/ACg8ocJkoQBVKUjgMmTrnAujFOKSORt7z1vB9ID6tQZzAlKF=w54-h54-p-rp-mo-br100","Apurva Dalvi","11 reviews ¬∑ 13 photos","Óóî","Ó†∏","a year ago","Very nice organization","","Ó£ú","","","Ó†ç","Share","Like"
"https://lh3.googleusercontent.com/a-/ALV-UjXtg52qVahNO7ZC_t-WuX-wNJQcRDay31WrwluL8GLuvA=w54-h54-p-rp-mo-br100","Shubham Dhande","1 review","Óóî","Ó†∏","2 years ago","I was so excited today before Visiting the college.....üòí ‚Ä¶","","Ó£ú","Like","5","Ó†ç","","Share"
"https://lh3.googleusercontent.com/a/ACg8ocKCREybiyME7E-fxf26lECt9CJZesYT7wpSb-T4P1_2=w54-h54-p-rp-mo-br100","Shyam Magar","1 review","Óóî","Ó†∏","5 years ago","Wonderful staff,nice workplace for faculties and well maintained Labs..","","Ó£ú","","","Ó†ç","Like","Share"
"https://lh3.googleusercontent.com/a/ACg8ocKRKesTUpS0pemh1CHBMjmHpWBP1IFpHuNqmHOFQumQ2Q=w54-h54-p-rp-mo-ba2-br100","Arunkumar S","Local Guide ¬∑ 5 reviews","Óóî","Ó†∏","5 months ago","Peaceful environment","","Ó£ú","","","Ó†ç","Like","Share"
"https://lh3.googleusercontent.com/a-/ALV-UjXQlADmPu6rx2wNK1EbmVqiARgjmrD9AZ8AlXwjEdv4kFk=w54-h54-p-rp-mo-br100","Ashitosh Waykar","5 reviews","Óóî","Ó†∏","6 years ago","Supporting staff. Best faculty which is very much able to solving doubts.","","Ó£ú","","","Ó†ç","Like","Share"
"https://lh3.googleusercontent.com/a-/ALV-UjUUW5DTjeHAdavUuEQYNC61WauBx8WnGfm0OXQDPb_1Nz6j=w54-h54-p-rp-mo-ba3-br100","Kanchan Randale","Local Guide ¬∑ 18 reviews ¬∑ 28 photos","Óóî","Ó†∏","3 years ago","Management is awesome.
Near from Nerul railway station.","","Ó£ú","Like","1","Ó†ç","","Share"
"https://lh3.googleusercontent.com/a/ACg8ocJO3mP8CLDDF1muMVFi-pzDtD5DRRbpiBeAqUvdM0Wu7Hg=w54-h54-p-rp-mo-br100","Varsha Sanjay","3 reviews","Óóî","Ó†∏","5 years ago","yes wonderful college..good for engineers","","Ó£ú","Like","1","Ó†ç","","Share"
"https://lh3.googleusercontent.com/a/ACg8ocKE7YbbodRRNKn6jX0sLmMU8TWL_e1lB4EcTLzSEA82=w54-h54-p-rp-mo-br100","Sonam Shona","2 reviews","Óóî","Ó†∏","5 months ago","Good","","Ó£ú","","","Ó†ç","Like","Share"
"https://lh3.googleusercontent.com/a-/ALV-UjUDJsKzrvS7UCRhNK9P773EKaXGb1vA2H51CUNsZBbsOsU=w54-h54-p-rp-mo-br100","shivam mansukh","4 reviews","Óóî","Ó†∏","5 years ago","College teach me the difference between Professional Life and Social Life...","","Ó£ú","Like","1","Ó†ç","","Share"
"https://lh3.googleusercontent.com/a-/ALV-UjUgmT37eWFJYWMcZCTTzNJapWkswVzETmPgJ_kLsw1_Az8=w54-h54-p-rp-mo-br100","Sneha Keny","5 reviews","Óóî","Ó†∏","5 years ago","They give exposure to industry and give opportunity to work on industrial projects","","Ó£ú","","","Ó†ç","Like","Share"
"https://lh3.googleusercontent.com/a-/ALV-UjUOA9QdjrKl96XurcqQ2vy55x_wBx9uK9mdnPBjRyCRloFm=w54-h54-p-rp-mo-ba3-br100","Shailesh Khale","Local Guide ¬∑ 3 reviews ¬∑ 65 photos","Óóî","Ó†∏","2 years ago","It's good college for Engineering.","","Ó£ú","","","Ó†ç","Share","Like"
"https://lh3.googleusercontent.com/a-/ALV-UjW7hlzdcYU2YguHHVZb_3zfBAODX46az-6Kv3EzQrHQ3MpE=w54-h54-p-rp-mo-ba4-br100","Arshad Ahmed Khan","Local Guide ¬∑ 79 reviews ¬∑ 231 photos","Óóî","Ó†∏","3 years ago","A really beautiful infrastructure and college with really good staff.","","Ó£ú","","","Ó†ç","Like","Share"
"https://lh3.googleusercontent.com/a-/ALV-UjUVS2yr0r843GwoHSRu3RzBPoKynSQzYX-oMN3Hs2yjH9k=w54-h54-p-rp-mo-ba3-br100","Narayan Choudhary","Local Guide ¬∑ 28 reviews ¬∑ 50 photos","Óóî","Ó†∏","7 years ago","A best college in nerul.
An all together","","Ó£ú","","","Ó†ç","Like","Share"
"https://lh3.googleusercontent.com/a-/ALV-UjXgPXH-mzvrzhez-bpr0zGMYWss4UPlW_yvvH18YdA6AVk=w54-h54-p-rp-mo-ba5-br100","Santosh Shringarpure","Local Guide ¬∑ 144 reviews ¬∑ 116 photos","Óóî","Ó†∏","3 years ago","Wonderful location, great college for engineering","","Ó£ú","","","Ó†ç","Like","Share"
"https://lh3.googleusercontent.com/a-/ALV-UjVbbhPBmPXBTNUzbyOzRVaZBi3NJ9ZFJgYto4cpXjBm04w=w54-h54-p-rp-mo-ba3-br100","Aliasgar Jamali (Ksajamaly)","Local Guide ¬∑ 26 reviews ¬∑ 31 photos","Óóî","Ó†∏","5 years ago","Good college teacher but with  bad office staff member","","Ó£ú","Like","1","Ó†ç","","Share"
"https://lh3.googleusercontent.com/a-/ALV-UjV4pRfd84mtCA0Nmriv29e84lrH2Ab5lTZ4YswbZQ_r-Q=w54-h54-p-rp-mo-br100","Athira Vijayan","25 reviews ¬∑ 4 photos","Óóî","Ó†∏","2 years ago","Studied here, good college, best memories","","Ó£ú","","","Ó†ç","Like","Share"
"https://lh3.googleusercontent.com/a-/ALV-UjVQkajprREsqgG3bJRNZInqqh_4r7UEZhzxZLRg9zHD9C-q=w54-h54-p-rp-mo-ba3-br100","Sumedh Habbu","Local Guide ¬∑ 38 reviews ¬∑ 72 photos","Óóî","Ó†∏","7 years ago","Good college for IT & Extc students..","","Ó£ú","Like","1","Ó†ç","","Share"
"https://lh3.googleusercontent.com/a-/ALV-UjXQMOM-gjmCJDSLc_OXYKgP1GHo9CyNSve829kFn5SYPQ=w54-h54-p-rp-mo-br100","Khalid Shaikh","2 reviews ¬∑ 1 photo","Óóî","Ó†∏","4 years ago","Can i done me part time college for BE MECHANICAL ENGINEERING....
ASKED ME","","Ó£ú","","","Ó†ç","Like","Share"
"https://lh3.googleusercontent.com/a-/ALV-UjU1nHGQa1WS3xDXo9k81RfA5oXCF8ORcQVeD4LIWEZqhw=w54-h54-p-rp-mo-br100","shafi changal","1 review","Óóî","Ó†∏","8 years ago","Commerce student but still a good collegeüòà ‚Ä¶","","Ó£ú","","","Ó†ç","Like","Share"
"https://lh3.googleusercontent.com/a-/ALV-UjVIG05qUphqZhDH7C1zQeKZhm7pyqhh092PI9wzJrRf7Lxu=w54-h54-p-rp-mo-ba4-br100","omkar tanpure","Local Guide ¬∑ 53 reviews ¬∑ 130 photos","Óóî","Ó†∏","5 years ago","Good college,with great facilities","","Ó£ú","","","Ó†ç","Like","Share"
"https://lh3.googleusercontent.com/a-/ALV-UjVccjF0tEbDXOFT3_frbluKWXROzapWvtPWDfBl9rLi0Pk=w54-h54-p-rp-mo-br100","Omkar","1 review","Óóî","Ó†∏","5 years ago","Lovely college.Full supporting staff","","Ó£ú","","","Ó†ç","Like","Share"
"https://lh3.googleusercontent.com/a-/ALV-UjUHpvxi7r6CZ-4W8Hy9DF4Unjvib2qTx2sqM4NmYvjr5INt=w54-h54-p-rp-mo-ba4-br100","Mayur Devgaonkar","Local Guide ¬∑ 39 reviews ¬∑ 195 photos","Óóî","Ó†∏","7 years ago","Good engineering college specially for IT engineering","","Ó£ú","Like","1","Ó†ç","","Share"
"https://lh3.googleusercontent.com/a/ACg8ocImkGRf2d1DN9A6poTAboNx1D-RgAPY6f24_WN_1ApCiVg=w54-h54-p-rp-mo-br100","Mukesh Kumar","7 reviews ¬∑ 3 photos","Óóî","Ó†∏","a year ago","Good college","","Ó£ú","","","Ó†ç","Share","Like"
"https://lh3.googleusercontent.com/a-/ALV-UjW4p2Zsc9n1FlKk1hX4ylvD8ouVprOgZOQCSmcEbiyTYeZV=w54-h54-p-rp-mo-ba6-br100","Prasad Mahendrakar","Local Guide ¬∑ 254 reviews ¬∑ 2,003 photos","Óóî","Ó†∏","7 years ago","Good infrastructure with easily accessible from station.","","Ó£ú","Like","1","Ó†ç","","Share"
"https://lh3.googleusercontent.com/a-/ALV-UjU71zPZzzIOLLk7INbB5g0_EI5bHTxvOMF9cZMsqPSJhgU=w54-h54-p-rp-mo-ba4-br100","the funny thing are here subscribe","Local Guide ¬∑ 84 reviews ¬∑ 2 photos","Óóî","Ó†∏","7 years ago","Best collage in navi mumbai","","Ó£ú","Like","1","Ó†ç","","Share"
"https://lh3.googleusercontent.com/a-/ALV-UjWPjKr0PuT7Zcfd7Ze5MCaW_z0R5S4DFbLsCeJrFnLtPw=w54-h54-p-rp-mo-ba3-br100","Tanmay Wavekar","Local Guide ¬∑ 22 reviews ¬∑ 60 photos","Óóî","Ó†∏","a year ago","Exam center.. good college","","Ó£ú","","","Ó†ç","Like","Share"
"https://lh3.googleusercontent.com/a-/ALV-UjV3PeoFIszvlMPzmt9-87GcdNOMLiHjE539dBQru-KHPg=w54-h54-p-rp-mo-ba5-br100","Kaashif Nerekar","Local Guide ¬∑ 243 reviews ¬∑ 393 photos","Óóî","Ó†∏","a year ago","Engineering college in Navi Mumbai.","","Ó£ú","","","Ó†ç","Like","Share"
"https://lh3.googleusercontent.com/a-/ALV-UjVH7ZeU7u6IZ2Zzy0XcgFt6Zqu0RQJ9NpmIkOp3hympP9I=w54-h54-p-rp-mo-ba3-br100","Sujit Metkari","Local Guide ¬∑ 22 reviews ¬∑ 34 photos","Óóî","Ó†∏","a year ago","Very nice campus","","Ó£ú","","","Ó†ç","Like","Share"
"https://lh3.googleusercontent.com/a/ACg8ocLU_fMi9nuZRXITHr380pa0ISJcI4t7lQq-ZEi0h8GS=w54-h54-p-rp-mo-br100","Haridas Pillai","3 reviews","Óóî","Ó†∏","4 years ago","Not having much space bit conjusted","","Ó£ú","Like","2","Ó†ç","","Share"
"https://lh3.googleusercontent.com/a/ACg8ocKwIeQGqiWZYFmNA4o3JxIpU6xZ0TIIIo5QCwGbB83e=w54-h54-p-rp-mo-br100","Ravi Ravi","2 reviews ¬∑ 1 photo","Óóî","Ó†∏","5 years ago","Terna Engineering college is good i liked","","Ó£ú","","","Ó†ç","Like","Share"
"https://lh3.googleusercontent.com/a-/ALV-UjUEDGL2l5bpfSMlG7nCGTFsY7P2c-uf8Kgghqth9tf0f7E=w54-h54-p-rp-mo-br100","Nitin Barate","2 reviews ¬∑ 14 photos","Óóî","Ó†∏","2 years ago","Very nice","","Ó£ú","","","Ó†ç","Like","Share"
"https://lh3.googleusercontent.com/a/ACg8ocI-hw7k1hNJpaInFrAC6qKtefLVGXPgLbhshLoUG9f7=w54-h54-p-rp-mo-br100","Rupa Roy","1 review","Óóî","Ó†∏","5 months ago","Good","","Ó£ú","","","Ó†ç","Like","Share"
"https://lh3.googleusercontent.com/a-/ALV-UjU1eITsCfNxIJs7BZeh8_jPU9_qXsRWhztWfNJ0wvYfhLM=w54-h54-p-rp-mo-ba5-br100","Sumit P","Local Guide ¬∑ 133 reviews ¬∑ 35 photos","Óóî","Ó†∏","6 years ago","Simply they make loot of money","","Ó£ú","Like","3","Ó†ç","","Share"
"https://lh3.googleusercontent.com/a-/ALV-UjUQigFuSOali1JV4fJ441W3dPJTS_s6XVIfTShusvsGlis=w54-h54-p-rp-mo-br100","Hrishikesh Sonde","5 reviews","Óóî","Ó†∏","6 years ago","Campus and infrastructure is nice","","Ó£ú","Like","1","Ó†ç","","Share"
"https://lh3.googleusercontent.com/a-/ALV-UjUEy1vOow-9SOrItWTK1dLE-8Y59RzkFpIjugPOjmiJqh_C=w54-h54-p-rp-mo-br100","Akash More","4 reviews ¬∑ 3 photos","Óóî","Ó†∏","4 years ago","Good Atmosphere for study!","","Ó£ú","Like","2","Ó†ç","","Share"
"https://lh3.googleusercontent.com/a-/ALV-UjUJYNjC62lCxSUQrhK0rKYpdrpuBYsfyXn95BLBOju2RWuS=w54-h54-p-rp-mo-ba3-br100","PRASHANT Singh","Local Guide ¬∑ 47 reviews ¬∑ 49 photos","Óóî","Ó†∏","7 years ago","Good college for IT engineering","","Ó£ú","Like","1","Ó†ç","","Share"
"https://lh3.googleusercontent.com/a/ACg8ocLjoNMMxZidfuDLqmT3lGW6l3FoPe_Xu0-pEDqSUxbv=w54-h54-p-rp-mo-br100","Balu Jadhav","1 review","Óóî","Ó†∏","9 years ago","I like this school. I loving it","","Ó£ú","","","Ó†ç","Like","Share"
"https://lh3.googleusercontent.com/a-/ALV-UjUBx3eGF9HH31RoA2_bb_CnNcxgqSt1YhTnzMuGN464DsVQ=w54-h54-p-rp-mo-ba4-br100","MAHESH CHAUBEY","Local Guide ¬∑ 136 reviews ¬∑ 189 photos","Óóî","Ó†∏","7 years ago","College for study.....nice infrastructure","","Ó£ú","","","Ó†ç","Like","Share"
"https://lh3.googleusercontent.com/a-/ALV-UjWWvAL2e4ZYXPXqtGa-EaBTZUkRYi-9KNpYM6n3sh_mzsU7=w54-h54-p-rp-mo-ba4-br100","jay bhanushali","Local Guide ¬∑ 188 reviews ¬∑ 78 photos","Óóî","Ó†∏","2 years ago","Well maintained place.","","Ó£ú","","","Ó†ç","Like","Share"
"https://lh3.googleusercontent.com/a-/ALV-UjWwH_gN2o7joQRM36VAodx3NsZ5jLes3wuKcuvaGb2oEfRg=w54-h54-p-rp-mo-ba3-br100","Omkar Kadam","Local Guide ¬∑ 13 reviews ¬∑ 16 photos","Óóî","Ó†∏","7 months ago","good college","","Ó£ú","","","Ó†ç","Like","Share"
"https://lh3.googleusercontent.com/a-/ALV-UjUKgeIm2teCF3tW4QDdgE_GH-a9DepW1LzdBFi-Uwyq6-8x=w54-h54-p-rp-mo-ba2-br100","saurabh tejpal","Local Guide ¬∑ 23 reviews","Óóî","Ó†∏","8 years ago","Near to station
Great placements","","Ó£ú","","","Ó†ç","Like","Share"
"https://lh3.googleusercontent.com/a-/ALV-UjW5gFys6Ix11aXz_H2vhp8yEYSy7_aEHranlcW9LNBIWk3x=w54-h54-p-rp-mo-br100","vinayak jadhav","6 reviews","Óóî","Ó†∏","5 years ago","Loved it!","","Ó£ú","","","Ó†ç","Like","Share"
"https://lh3.googleusercontent.com/a-/ALV-UjUnGIQJElkD6HedrIzpnfth_R80Xqf6H-B1SbprFa40bng=w54-h54-p-rp-mo-br100","Umesh Chatare","8 reviews","Óóî","Ó†∏","9 years ago","very nice college...","","Ó£ú","","","Ó†ç","Like","Share"
"https://lh3.googleusercontent.com/a-/ALV-UjXw4RfsLlbdcsebN-GeULd48ptlJif29pNhQ3RVf3CgRbwn=w54-h54-p-rp-mo-br100","Mayur Suryavanshi","4 reviews ¬∑ 5 photos","Óóî","Ó†∏","2 years ago","Lecture join crow !","","Ó£ú","Like","1","Ó†ç","","Share"
"https://lh3.googleusercontent.com/a-/ALV-UjWEkocv9ARUimAqP-VA2ZZmz9hKuDDq1NoBf2EmMEUzFqo=w54-h54-p-rp-mo-ba6-br100","soumik banerjee","Local Guide ¬∑ 973 reviews ¬∑ 1,697 photos","Óóî","Ó†∏","6 years ago","good privet engineering college","","Ó£ú","","","Ó†ç","Like","Share"
"https://lh3.googleusercontent.com/a/ACg8ocKmTEZFITMdMzVFjo3I58Xh5caQx9cSFsZq98T6TSXSiqY=w54-h54-p-rp-mo-br100","Yukta Mehta","8 reviews ¬∑ 3 photos","Óóî","Ó†∏","5 years ago","Good place to explore yourself","","Ó£ú","Like","1","Ó†ç","","Share"
"https://lh3.googleusercontent.com/a/ACg8ocLIGkg9aMbTtbwlPcMR43oBXPNDGA3AoHK8rC12yc5F=w54-h54-p-rp-mo-br100","Omprakash Kewat","2 reviews","Óóî","Ó†∏","2 years ago","Good","","Ó£ú","","","Ó†ç","Like","Share"
"https://lh3.googleusercontent.com/a-/ALV-UjWqfinfKvlzJ6LdEpzw3p1_YVOhCXC-SI8UwrPQi2o6RB97=w54-h54-p-rp-mo-br100","Asram Shinde","4 reviews ¬∑ 6 photos","Óóî","Ó†∏","3 years ago","Nice","","Ó£ú","","","Ó†ç","Like","Share"
"https://lh3.googleusercontent.com/a-/ALV-UjUximL-F6cqrmIVFTByGpB_BeGAiLPK3ssEwmbWlPQNiRY=w54-h54-p-rp-mo-ba4-br100","Nilesh Chhatbar","Local Guide ¬∑ 91 reviews ¬∑ 18 photos","Óóî","Ó†∏","6 years ago","Near to nerul station.","","Ó£ú","","","Ó†ç","Like","Share"
"https://lh3.googleusercontent.com/a-/ALV-UjV0N2PYER533Wt7oGCXPiuXMCHX0Bjo6GfoprN5WRhLMak=w54-h54-p-rp-mo-ba3-br100","Pritesh Sonawane","Local Guide ¬∑ 16 reviews ¬∑ 12 photos","Óóî","Ó†∏","3 years ago","Best college everüî•üî•üòâüòâ ‚Ä¶","","Ó£ú","","","Ó†ç","Like","Share"
"https://lh3.googleusercontent.com/a/ACg8ocJjQYBo1qhEqAEgpDp1vt94CfjQrlI5rnReu5mLCCBF=w54-h54-p-rp-mo-br100","Shubham Borse","2 reviews","Óóî","Ó†∏","5 years ago","I love my school","","Ó£ú","","","Ó†ç","Like","Share"
"https://lh3.googleusercontent.com/a-/ALV-UjVlc5g_Arlq-quY9ULl6wJLC2ZN6YOIJqDV3zkwo5Qr9hcE=w54-h54-p-rp-mo-br100","Dnyanoba Ghaar","5 reviews","Óóî","Ó†∏","4 years ago","Professional working practices.","","Ó£ú","","","Ó†ç","Like","Share"
"https://lh3.googleusercontent.com/a-/ALV-UjWPXRNufR1M_2YsQhkr2aOS4l8EnFVP18QlzVfE-BBSXaI=w54-h54-p-rp-mo-ba4-br100","Tushar Talware","Local Guide ¬∑ 44 reviews ¬∑ 72 photos","Óóî","Ó†∏","5 years ago","Descent engineering college in Navi Mumbai.","","Ó£ú","Like","1","Ó†ç","","Share"
"https://lh3.googleusercontent.com/a-/ALV-UjXwCNf_4KU-Yq7avU79VDRGJqPYuOKzylClmKBoZemSew=w54-h54-p-rp-mo-br100","Amol Chavan","2 reviews","Óóî","Ó†∏","3 years ago","Excellent EPIC","","Ó£ú","Like","2","Ó†ç","","Share"
"https://lh3.googleusercontent.com/a-/ALV-UjUqjqKtV2ABlwdx-3zlh-MND9MC2b-BrVJp7q2BHndpf9M=w54-h54-p-rp-mo-ba4-br100","Mithlesh Patil","Local Guide ¬∑ 138 reviews ¬∑ 71 photos","Óóî","Ó†∏","7 years ago","Good infrastructure","","Ó£ú","Like","1","Ó†ç","","Share"
"https://lh3.googleusercontent.com/a-/ALV-UjWqXP_C2Sy1LhHJ9hRKd4xLhprjSHvNdXSvjTLldqs6uU4=w54-h54-p-rp-mo-ba5-br100","Akshay Chate","Local Guide ¬∑ 288 reviews ¬∑ 519 photos","Óóî","Ó†∏","4 years ago","Nice infrastructure","","Ó£ú","","","Ó†ç","Like","Share"
"https://lh3.googleusercontent.com/a/ACg8ocLmdgjnUGq4t1aHh68CIED0ySG1_P0YIlQXuPR1SjG6=w54-h54-p-rp-mo-ba3-br100","Jithin Augustine","Local Guide ¬∑ 38 reviews ¬∑ 18 photos","Óóî","Ó†∏","6 years ago","Best in future","","Ó£ú","","","Ó†ç","Like","Share"
"https://lh3.googleusercontent.com/a-/ALV-UjUoE09cbiBw9dEi7rE24nK_yxwgY1TSiKDWtj3QaktylWyU=w54-h54-p-rp-mo-ba4-br100","Unknown Guy","Local Guide ¬∑ 11 reviews ¬∑ 97 photos","Óóî","Ó†∏","4 years ago","Engineering collage of the year","","Ó£ú","Like","1","Ó†ç","","Share"
"https://lh3.googleusercontent.com/a/ACg8ocJze4_Q7gI0eypKTL0IgMvVU5k2Qihy-U-ATcqyBTvh=w54-h54-p-rp-mo-br100","Amar Yadav","1 review","Óóî","Ó†∏","2 years ago","AMAEYADAV7350@EMALLCOM","","Ó£ú","","","Ó†ç","Like","Share"
"https://lh3.googleusercontent.com/a-/ALV-UjUE_Q6nivEr271BYF_Yke2slU25zXGdKWsKM9CtzXeoDOEI=w54-h54-p-rp-mo-ba3-br100","suraj Shelavale","Local Guide ¬∑ 20 reviews ¬∑ 14 photos","Óóî","Ó†∏","6 years ago","Average college","","Ó£ú","","","Ó†ç","Like","Share"
"https://lh3.googleusercontent.com/a-/ALV-UjWNwfj_M_0ACQ7mg4Zbi-Yt6qicDN8wscAmcMixjQYQQRw=w54-h54-p-rp-mo-ba3-br100","Aniket Asawale","Local Guide ¬∑ 20 reviews ¬∑ 14 photos","Óóî","Ó†∏","6 years ago","Nice education","","Ó£ú","","","Ó†ç","Like","Share"
"https://lh3.googleusercontent.com/a-/ALV-UjUl6piQs7pHR6B58iJFHhT3OmmiOjVFZ4Kh5GjSw5dNFQA=w54-h54-p-rp-mo-ba5-br100","oindrilla mukherjee","Local Guide ¬∑ 128 reviews ¬∑ 4 photos","Óóî","Ó†∏","2 years ago","Good","","Ó£ú","","","Ó†ç","Like","Share"
"https://lh3.googleusercontent.com/a-/ALV-UjWftXUuCMowaJDvvPZTSvK1pJLsuoiQSemlF4McqiQssb8=w54-h54-p-rp-mo-br100","GrvMUSIC4U","13 reviews ¬∑ 1 photo","Óóî","Ó†∏","6 years ago","Good college","","Ó£ú","Like","1","Ó†ç","","Share"
"https://lh3.googleusercontent.com/a-/ALV-UjXSdlzu2bn0jBpd5iutcCqlbs9CX5eCRQPgsm-jnik7_Q=w54-h54-p-rp-mo-ba3-br100","shaikh vajed","Local Guide ¬∑ 62 reviews ¬∑ 8 photos","Óóî","Ó†∏","6 years ago","Good","","Ó£ú","","","Ó†ç","Like","Share"
"https://lh3.googleusercontent.com/a-/ALV-UjUw0rresyPFjol4u7ZLDQ1WM5ahXJUW1IRRJCzXq9Xjd_E=w54-h54-p-rp-mo-ba5-br100","Jawed Kalim","Local Guide ¬∑ 280 reviews ¬∑ 81 photos","Óóî","Ó†∏","6 years ago","Good college","","Ó£ú","","","Ó†ç","Like","Share"
"https://lh3.googleusercontent.com/a-/ALV-UjUQ9L6_NR4OT6rDh04FzpIqLLc94JRAfEl4Pp1APm3GNg=w54-h54-p-rp-mo-br100","TECHNICAL DRAGON","2 reviews","Óóî","Ó†∏","4 months ago","Lift works and the attacker goes for lunch between 2nd and 3rd floor. In the name of placement in faculty working hours, I don't even have a new ID card but have taken the old one.","","Ó£ú","Like","2","Ó†ç","","Share"
"https://lh3.googleusercontent.com/a-/ALV-UjWdeAIWtAexlR4gZ9BitgGQI6knPVCvnKP7xH52WorjOfuw=w54-h54-p-rp-mo-ba5-br100","RAJAN SABNE","Local Guide ¬∑ 248 reviews ¬∑ 864 photos","Óóî","Ó†∏","2 days ago","College is nice","","Ó£ú","","","Ó†ç","Share","Like"
"https://lh3.googleusercontent.com/a-/ALV-UjUOnaecevodNpk6ksOrn6AnwCBivFvWni5l1oJz42K_h2Q=w54-h54-p-rp-mo-br100","Abhishek Kale","1 review","Óóî","Ó†∏","a year ago","Not good college
If you are absent the college charges Rs 90.
no good college","","Ó£ú","Like","1","Ó†ç","","Share"
"https://lh3.googleusercontent.com/a-/ALV-UjUzAceulGMgC0BwY3c8V8Z6Oew-_SCS7SdmJJ9kbgG6HWB_=w54-h54-p-rp-mo-br100","Aarti Davkhar","1 review","Óóî","Ó†∏","4 years ago","Kdk....","","Ó£ú","","","Ó†ç","Like","Share"
"https://lh3.googleusercontent.com/a-/ALV-UjW7D6Ku4ybWHNotI63gjriC82Kee11pS68l4hFGpwZsBzYT=w54-h54-p-rp-mo-ba2-br100","Amogh Dhole","Local Guide ¬∑ 4 reviews ¬∑ 53 photos","Óóî","Ó†∏","4 years ago","","","","","","","",""
"https://lh3.googleusercontent.com/a-/ALV-UjWKdpYAXLc9HlIl2MeWgCF0497-YgN0aTIQifcNwPzWwb8=w54-h54-p-rp-mo-ba2-br100","Suraj","Local Guide ¬∑ 18 reviews ¬∑ 2 photos","Óóî","Ó†∏","a year ago","Bablu","","Ó£ú","Like","5","Ó†ç","","Share"
"https://lh3.googleusercontent.com/a/ACg8ocL3DeK-dvKsIxBPBD0yXGzWo_CAapLyj5oLEASckdLd=w54-h54-p-rp-mo-br100","Ibrar Ali S","","Óóî","Ó†∏","3 years ago","","","","","","","",""
"https://lh3.googleusercontent.com/a-/ALV-UjUnMib1r_qPO63SVOxjKKd4ckZGStVbfxcf1bev8A1Yai8=w54-h54-p-rp-mo-br100","Sarva Op","","Óóî","Ó†∏","5 years ago","","","","","","","",""
"https://lh3.googleusercontent.com/a-/ALV-UjXPAmEQKAefr4RWVo6yQUUUg0VHAUvczQIti9-J3JRjtmM=w54-h54-p-rp-mo-ba3-br100","Suvam ‚ÄúeSBee‚Äù Behera","Local Guide ¬∑ 6 reviews ¬∑ 7 photos","Óóî","Ó†∏","a year ago","","","","","","","",""
"https://lh3.googleusercontent.com/a-/ALV-UjXku3-N3G9F0mOoTem1j0U3LAE0FibXr8J_17Nq9O98uQ=w54-h54-p-rp-mo-br100","Ajay Maindola","1 review","Óóî","Ó†∏","7 years ago","","","","","","","",""
"https://lh3.googleusercontent.com/a-/ALV-UjXs2KnuypsQmptOlVOIJN8WOZFvnJdVAILDvWrxpzNye-gh=w54-h54-p-rp-mo-br100","Rohan Gujar","2 reviews","Óóî","Ó†∏","6 years ago","","","","","","","",""
"https://lh3.googleusercontent.com/a-/ALV-UjVnzkicSJnqi_JZh2OQOdJrY9OcAZeH9a8QgXQARn-e2ZgX=w54-h54-p-rp-mo-ba3-br100","Sahil Patil","Local Guide ¬∑ 49 reviews ¬∑ 17 photos","Óóî","Ó†∏","7 years ago","","","","","","","",""